code,term
10147111000001108,Antacid and Oxetacaine oral suspension (VMP)
10147411000001103,Antacid & Oxetacaine oral suspension (Special Order) (AMP)
10159811000001106,Generic Balanced Salt Solution Plus irrigation solution (VMP)
10160011000001104,Balanced Salt Solution Plus irrigation solution (Alcon Eye Care UK Ltd) (AMP)
10292211000001105,Co-danthrusate 50mg/60mg capsules (Focus Pharmaceuticals Ltd) (AMP)
10306911000001107,Co-danthramer 25mg/200mg/5ml oral suspension sugar free (Focus Pharmaceuticals Ltd) (AMP)
10307111000001107,Co-danthramer 75mg/1000mg/5ml oral suspension sugar free (Focus Pharmaceuticals Ltd) (AMP)
10311411000001108,Valupak Senna 7.5mg tablets (BR Pharmaceuticals Ltd) (AMP)
10544311000001109,Idrolax 10g oral powder sachets (Waymade Healthcare Plc) (AMP)
10575811000001100,Sodium acid phosphate 700mg / Potassium dihydrogen phosphate 305mg tablets (VMP)
10576011000001102,K-Phos No.2 tablets (Imported (United States)) (AMP)
10612511000001105,DulcoEase 100mg capsules (Opella Healthcare UK Ltd) (AMP)
10641411000001107,Fig + Senna (VTM)
10725711000001108,Glycerol 4g suppositories (Teva UK Ltd) (AMP)
10767211000001101,Co-danthramer 25mg/200mg capsules (Waymade Healthcare Plc) (AMP)
10786511000001102,Co-danthramer 37.5mg/500mg capsules (Waymade Healthcare Plc) (AMP)
10791711000001102,Lactulose 10g oral powder sachets (VMP)
10791911000001100,Bifiteral 10g oral powder sachets (Imported (Germany)) (AMP)
11011111000001108,Bisacodyl 5mg gastro-resistant tablets (Dr Reddy's Laboratories (UK) Ltd) (AMP)
11268111000001106,Senokot Dual Relief tablets (Reckitt Benckiser Healthcare (UK) Ltd) (AMP)
11269111000001104,Generic Senokot Dual Relief tablets (VMP)
11380411000001108,Moviprep A oral powder 112g sachets sugar free (Forum Health Products Ltd) (AMP)
11393111000001109,Generic Moviprep A oral powder 112g sachets sugar free (VMP)
11425611000001101,Bisacodyl 5mg gastro-resistant tablets (Almus Pharmaceuticals Ltd) (AMP)
11583711000001109,CitraFleet oral powder 16.11g sachets (Casen Recordati S.L.) (AMP)
11588311000001102,Movicol Plain oral powder 13.7g sachets (Forum Health Products Ltd) (AMP)
11589011000001105,Generic CitraFleet oral powder 16.11g sachets sugar free (VMP)
11749511000001107,Glycerol 4g suppositories (The Boots Company Plc) (AMP)
11777911000001106,Boots Natural Senna Laxative 7.5mg tablets (The Boots Company Plc) (AMP)
12183711000001102,Docusate 100mg capsules (A A H Pharmaceuticals Ltd) (AMP)
12557811000001104,Actonorm gel (Wallace Manufacturing Chemists Ltd) (AMP)
125611000001101,Bisacodyl 10mg suppositories (Martindale Pharmaceuticals Ltd) (AMP)
12563411000001101,Generic Actonorm gel sugar free (VMP)
12807511000001105,Methylcellulose 100mg/5ml oral suspension (Special Order) (AMP)
12807811000001108,Methylcellulose 100mg/5ml oral solution (Special Order) (AMP)
12808111000001100,Methylcellulose 112.5mg/5ml oral suspension (Special Order) (AMP)
12808511000001109,Methylcellulose 112.5mg/5ml oral solution (Special Order) (AMP)
12809111000001107,Methylcellulose 168.75mg/5ml oral suspension (Special Order) (AMP)
12809411000001102,Methylcellulose 168.75mg/5ml oral solution (Special Order) (AMP)
12816011000001102,Methylcellulose 100mg/5ml oral solution (VMP)
12816111000001101,Methylcellulose 100mg/5ml oral suspension (VMP)
12816211000001107,Methylcellulose 112.5mg/5ml oral solution (VMP)
12816311000001104,Methylcellulose 112.5mg/5ml oral suspension (VMP)
12816411000001106,Methylcellulose 168.75mg/5ml oral solution (VMP)
12816511000001105,Methylcellulose 168.75mg/5ml oral suspension (VMP)
12890111000001100,Methylcellulose 20mg/5ml oral suspension (Special Order) (AMP)
12890711000001104,Methylcellulose 20mg/5ml oral solution (Special Order) (AMP)
12891211000001100,Methylcellulose 225mg/5ml oral suspension (Special Order) (AMP)
12891711000001107,Methylcellulose 225mg/5ml oral solution (Special Order) (AMP)
12892211000001107,Methylcellulose 250mg/5ml oral suspension (Special Order) (AMP)
12892811000001108,Methylcellulose 250mg/5ml oral solution (Special Order) (AMP)
12892911000001103,Methylcellulose 20mg/5ml oral solution (VMP)
12893011000001106,Methylcellulose 20mg/5ml oral suspension (VMP)
12893211000001101,Methylcellulose 225mg/5ml oral solution (VMP)
12893311000001109,Methylcellulose 225mg/5ml oral suspension (VMP)
12893511000001103,Methylcellulose 250mg/5ml oral solution (VMP)
12893611000001104,Methylcellulose 250mg/5ml oral suspension (VMP)
12895011000001107,Methylcellulose 25mg/5ml oral suspension (Special Order) (AMP)
12895411000001103,Methylcellulose 25mg/5ml oral suspension (VMP)
12895911000001106,Methylcellulose 25mg/5ml oral solution (Special Order) (AMP)
12896511000001106,Methylcellulose 270mg/5ml oral suspension (Special Order) (AMP)
12897111000001104,Methylcellulose 270mg/5ml oral solution (Special Order) (AMP)
12898511000001107,Methylcellulose 350mg/5ml oral suspension (Special Order) (AMP)
12899311000001107,Methylcellulose 350mg/5ml oral solution (Special Order) (AMP)
12900311000001109,Methylcellulose 45mg/5ml oral suspension (Special Order) (AMP)
12900711000001108,Methylcellulose 45mg/5ml oral solution (Special Order) (AMP)
12903411000001105,Methylcellulose 25mg/5ml oral solution (VMP)
12903511000001109,Methylcellulose 270mg/5ml oral solution (VMP)
12903611000001108,Methylcellulose 270mg/5ml oral suspension (VMP)
12903711000001104,Methylcellulose 350mg/5ml oral solution (VMP)
12903811000001107,Methylcellulose 350mg/5ml oral suspension (VMP)
12903911000001102,Methylcellulose 45mg/5ml oral solution (VMP)
12904011000001104,Methylcellulose 45mg/5ml oral suspension (VMP)
12906711000001106,Methylcellulose 500mg/5ml oral suspension (Special Order) (AMP)
12907011000001107,Methylcellulose 500mg/5ml oral solution (Special Order) (AMP)
12907311000001105,Methylcellulose 50mg/5ml oral suspension (Special Order) (AMP)
12907611000001100,Methylcellulose 50mg/5ml oral solution (Special Order) (AMP)
12907911000001106,Methylcellulose 900mg/5ml oral suspension (Special Order) (AMP)
12908211000001103,Methylcellulose 900mg/5ml oral solution (Special Order) (AMP)
12908511000001100,Methylcellulose 950mg/5ml oral suspension (Special Order) (AMP)
12908811000001102,Methylcellulose 950mg/5ml oral solution (Special Order) (AMP)
12911111000001104,Methylcellulose 500mg/5ml oral solution (VMP)
12911211000001105,Methylcellulose 500mg/5ml oral suspension (VMP)
12911311000001102,Methylcellulose 50mg/5ml oral solution (VMP)
12911411000001109,Methylcellulose 50mg/5ml oral suspension (VMP)
12911511000001108,Methylcellulose 900mg/5ml oral solution (VMP)
12911611000001107,Methylcellulose 900mg/5ml oral suspension (VMP)
12911711000001103,Methylcellulose 950mg/5ml oral solution (VMP)
12911811000001106,Methylcellulose 950mg/5ml oral suspension (VMP)
13184711000001105,Bisacodyl 10mg suppositories (Dowelhurst Ltd) (AMP)
132511000001108,Normacol Plus granules (Forum Health Products Ltd) (AMP)
13439411000001106,Senna 7.5mg tablets 12 Years Plus (Almus Pharmaceuticals Ltd) (AMP)
13457111000001108,Dual Lax Extra Strong tablets (G.R. Lane Health Products Ltd) (AMP)
13457411000001103,Lanes Modern Herbals Laxative tablets (G.R. Lane Health Products Ltd) (AMP)
13466711000001102,Generic Dual Lax Extra Strong tablets (VMP)
13575911000001109,Bisacodyl 10mg suppositories (DE Pharmaceuticals) (AMP)
13579911000001106,Lactulose 3.1-3.7g/5ml oral solution (DE Pharmaceuticals) (AMP)
13615111000001107,Sodium picosulfate 5mg/5ml oral solution sugar free (A A H Pharmaceuticals Ltd) (AMP)
13619611000001101,Co-danthramer 25mg/200mg/5ml oral suspension sugar free (Pinewood Healthcare) (AMP)
13619811000001102,Co-danthramer 75mg/1000mg/5ml oral suspension sugar free (Pinewood Healthcare) (AMP)
13629411000001105,Laxido Orange oral powder sachets (Galen Ltd) (AMP)
13639611000001106,Macrogol compound oral powder sachets NPF (VMP)
13656011000001106,Sodium picosulfate 5mg/5ml oral solution sugar free (Alliance Healthcare (Distribution) Ltd) (AMP)
13861011000001102,Lloydspharmacy Senna 7.5mg tablets 12 Years Plus (Lloyds Pharmacy Ltd) (AMP)
13935211000001107,Movicol oral powder 13.8g sachets lemon & lime (DE Pharmaceuticals) (AMP)
13964011000001107,Senokot 7.5mg tablets (DE Pharmaceuticals) (AMP)
14036911000001100,Arachis oil 130ml enema (Alliance Healthcare (Distribution) Ltd) (AMP)
14165011000001107,Senna 7.5mg tablets (Healthcare Pharma Ltd) (AMP)
14610111000001102,Liquid paraffin / Magnesium hydroxide oral emulsion sugar free (VMP)
14612411000001108,Liquid paraffin oral emulsion (VMP)
14772011000001102,Arachis oil 130ml enema (A A H Pharmaceuticals Ltd) (AMP)
14772811000001108,Laxido Natural oral powder 13.7g sachets (Galen Ltd) (AMP)
14942411000001100,Arachis oil 130ml enema (Essential Generics Ltd) (AMP)
15052811000001103,Co-danthramer 25mg/200mg/5ml oral suspension sugar free (Sigma Pharmaceuticals Plc) (AMP)
15053211000001105,Co-danthramer 75mg/1000mg/5ml oral suspension sugar free (Sigma Pharmaceuticals Plc) (AMP)
15053511000001108,Co-danthrusate 50mg/60mg capsules (Sigma Pharmaceuticals Plc) (AMP)
15174511000001103,Sodium picosulfate 5mg/5ml oral solution sugar free (Sigma Pharmaceuticals Plc) (AMP)
15216511000001101,Senna 7.5mg tablets 12 Years Plus (Sigma Pharmaceuticals Plc) (AMP)
15442411000001109,Senokot 7.5mg tablets 12 Years Plus (Forum Health Products Ltd) (AMP)
15503911000001106,Macrogol compound oral powder sachets sugar free (Galen Ltd) (AMP)
15644711000001106,Potter's Cleansing Herb tablets (Potter's (Herbal Supplies) Ltd) (AMP)
15645011000001108,Potter's Out of Sorts tablets (Potter's (Herbal Supplies) Ltd) (AMP)
156711000001103,Dulcolax Pico Adult 5mg/5ml liquid (Opella Healthcare UK Ltd) (AMP)
15823711000001100,Molaxole oral powder sachets (Viatris UK Healthcare Ltd) (AMP)
15860111000001101,Husk oral powder (Savant Distribution Ltd) (AMP)
15868611000001107,Potter's Cleansing Herbs 65g sachets (Potter's (Herbal Supplies) Ltd) (AMP)
15880211000001105,Generic Potter's Cleansing Herbs 65g sachets sugar free (VMP)
15880911000001101,Ispaghula husk oral powder sugar free (VMP)
15975311000001106,Senna 7.5mg tablets (Zanza Specials International Ltd) (AMP)
15980611000001103,Bisacodyl 5mg/5ml rectal solution (Special Order) (AMP)
15987011000001106,Bisacodyl 5mg/5ml rectal solution (VMP)
16239211000001100,Bisacodyl 5mg gastro-resistant tablets (Healthcare Pharma Ltd) (AMP)
16446311000001101,Macrogol compound oral powder sachets sugar free plain (A A H Pharmaceuticals Ltd) (AMP)
16498811000001103,Movicol Chocolate oral powder sachets (Norgine Pharmaceuticals Ltd) (AMP)
16557311000001109,Movicol Paediatric Plain oral powder 6.9g sachets (Mawdsley-Brooks & Company Ltd) (AMP)
16597911000001103,Resolor 1mg tablets (Takeda UK Ltd) (AMP)
16598211000001106,Resolor 2mg tablets (Takeda UK Ltd) (AMP)
16604011000001101,Prucalopride 1mg tablets (VMP)
16604111000001100,Prucalopride 2mg tablets (VMP)
16660711000001109,Fleet Bisacodyl 10mg/30ml enema (Imported (United States)) (AMP)
16665111000001100,Bisacodyl 10mg/30ml enema (VMP)
16729211000001109,Dulcobalance 10g oral powder sachets (Boehringer Ingelheim Self-Medication Division) (AMP)
170611000001108,Lemlax 3.26g/5ml oral solution (Strides Pharma UK Ltd) (AMP)
17068511000001106,CitraFleet oral powder 15.08g sachets (Recordati Pharmaceuticals Ltd) (AMP)
17071511000001105,Generic CitraFleet oral powder 15.08g sachets sugar free (VMP)
17196311000001108,Bisacodyl 5mg gastro-resistant tablets (Sovereign Medical Ltd) (AMP)
17420611000001107,Laxido Orange oral powder sachets sugar free (Galen Ltd) (AMP)
174911000001107,Glycerol 1g suppositories (A A H Pharmaceuticals Ltd) (AMP)
17523911000001103,Bisacodyl 7.5mg suppositories (Special Order) (AMP)
17527611000001101,Bisacodyl 7.5mg suppositories (VMP)
175911000001106,Maalox TC oral suspension (Aventis Pharma) (AMP)
17659611000001100,Lactulose 3.1-3.7g/5ml oral solution (Arrow Generics Ltd) (AMP)
17662611000001100,Movicol Chocolate oral powder 13.9g sachets (Forum Health Products Ltd) (AMP)
17798911000001104,Sodium picosulfate 5mg/5ml oral solution sugar free (Phoenix Healthcare Distribution Ltd) (AMP)
17804911000001106,Bisacodyl 10mg suppositories (Phoenix Healthcare Distribution Ltd) (AMP)
17805411000001102,Bisacodyl 5mg gastro-resistant tablets (Phoenix Healthcare Distribution Ltd) (AMP)
178411000001108,Lactulose 3.1-3.7g/5ml oral solution (Sandoz Ltd) (AMP)
17843511000001106,Boots Alternatives Laxative tablets (The Boots Company Plc) (AMP)
17918211000001103,Glycerol 4g suppositories (Phoenix Healthcare Distribution Ltd) (AMP)
18104411000001104,Co-danthramer 25mg/200mg/5ml oral suspension sugar free (Phoenix Healthcare Distribution Ltd) (AMP)
18129311000001101,Ispaghula husk 3.5g effervescent granules sachets gluten free sugar free (Phoenix Healthcare Distribution Ltd) (AMP)
18130511000001102,Lactulose 3.1-3.7g/5ml oral solution (Phoenix Healthcare Distribution Ltd) (AMP)
18243811000001108,Moviprep A oral powder 112g sachets (Forum Health Products Ltd) (AMP)
18245511000001109,Generic Moviprep A oral powder 112g sachets (VMP)
18514511000001109,Paraldehyde 50% in Arachis oil rectal solution (Special Order) (AMP)
18520211000001109,Paraldehyde 50% in Arachis oil rectal solution (VMP)
18580811000001100,Idrolax 10g oral powder sachets (DE Pharmaceuticals) (AMP)
18600311000001104,Senokot Comfort tablets (Reckitt Benckiser Healthcare (UK) Ltd) (AMP)
18615511000001102,Generic Senokot Comfort tablets (VMP)
19276511000001104,Movicol Liquid (Forum Health Products Ltd) (AMP)
19281411000001101,Macrogol compound oral liquid NPF sugar free (VMP)
19282911000001103,Macrogol compound oral powder sachets sugar free (Healthcare Pharma Ltd) (AMP)
19466011000001101,Laxagol oral powder sachets (Auden McKenzie (Pharma Division) Ltd) (AMP)
19534811000001100,Lactulose 3.1-3.7g/5ml oral solution (Almus Pharmaceuticals Ltd) (AMP)
19705411000001105,Co-danthramer 25mg/200mg/5ml oral suspension sugar free (Sovereign Medical Ltd) (AMP)
19705811000001107,Co-danthramer 75mg/1000mg/5ml oral suspension sugar free (Sovereign Medical Ltd) (AMP)
197811000001100,Glycerol 4g suppositories (Actavis UK Ltd) (AMP)
19808811000001100,Lactulose 10g/15ml oral solution 15ml sachets sugar free unflavoured (Esteve Pharmaceuticals Ltd) (AMP)
19975911000001103,Lactulose 10g/15ml oral solution 15ml sachets sugar free (VMP)
20134111000001103,Fybogel Lemon 3.5g effervescent granules sachets SF (Waymade Healthcare Plc) (AMP)
20134611000001106,Fybogel 3.5g effervescent granules sachets plain SF (Waymade Healthcare Plc) (AMP)
20134811000001105,Fybogel Orange 3.5g effervescent granules sachets SF (Waymade Healthcare Plc) (AMP)
20186411000001107,Lactulose 10g/15ml oral solution 15ml sachets sugar free (Alliance Healthcare (Distribution) Ltd) (AMP)
20323411000001104,Bisacodyl 5mg gastro-resistant tablets (Genesis Pharmaceuticals Ltd) (AMP)
20428011000001109,Bisacodyl 10mg/30ml enema (Part VIIID Drug Tariff Special Order) (AMP)
20498011000001102,Lactulose 10g/15ml oral solution 15ml sachets sugar free (A A H Pharmaceuticals Ltd) (AMP)
20561511000001109,Dulcolax 10mg suppositories (Waymade Healthcare Plc) (AMP)
21172511000001108,Movicol Paediatric Chocolate oral powder 6.9g sachets (Norgine Pharmaceuticals Ltd) (AMP)
21424711000001105,Macroherm oral powder 13.8g sachets (Ennogen Pharma Ltd) (AMP)
21529511000001108,Macroherm oral powder 13.8g sachets (Ennogen Pharma Ltd) (AMP)
21550011000001107,Ispaghula husk 3.5g granules for oral suspension sachets gluten free (A A H Pharmaceuticals Ltd) (AMP)
216411000001102,Docusol Paediatric 12.5mg/5ml oral solution (Typharm Ltd) (AMP)
21790411000001105,Macrogol compound oral powder sachets sugar free (Waymade Healthcare Plc) (AMP)
21798511000001107,Bisacodyl 5mg gastro-resistant tablets (Waymade Healthcare Plc) (AMP)
21812311000001101,Lactulose 10g/15ml oral solution 15ml sachets sugar free (Cubic Pharmaceuticals Ltd) (AMP)
22029711000001102,Glycerol 1g suppositories (Waymade Healthcare Plc) (AMP)
22029911000001100,Glycerol 2g suppositories (Waymade Healthcare Plc) (AMP)
22030111000001106,Glycerol 4g suppositories (Waymade Healthcare Plc) (AMP)
22038011000001107,Co-danthrusate 50mg/60mg capsules (Waymade Healthcare Plc) (AMP)
22056311000001107,Lactulose 10g/15ml oral solution 15ml sachets sugar free (Waymade Healthcare Plc) (AMP)
22056511000001101,Lactulose 3.1-3.7g/5ml oral solution (Waymade Healthcare Plc) (AMP)
22253611000001102,Antacid and Oxetacaine oral suspension (Drug Tariff Special Order) (AMP)
22393911000001107,Macrogol compound oral powder sachets sugar free (J M McGill Ltd) (AMP)
22556611000001104,OTC Concepts Liquid Laxative 5mg/5ml oral solution (Herbal Concepts Ltd) (AMP)
22605211000001105,Lactulose 10g/15ml oral solution 15ml sachets sugar free (Colorama Pharmaceuticals Ltd) (AMP)
22621211000001104,Bisacodyl 5mg gastro-resistant tablets (DE Pharmaceuticals) (AMP)
22637811000001107,Co-danthramer 75mg/1000mg/5ml oral suspension sugar free (DE Pharmaceuticals) (AMP)
22638211000001105,Co-danthramer 25mg/200mg/5ml oral suspension sugar free (DE Pharmaceuticals) (AMP)
22638911000001101,Co-danthrusate 50mg/60mg capsules (DE Pharmaceuticals) (AMP)
22673311000001107,Macrogol compound oral powder sachets sugar free (Alliance Healthcare (Distribution) Ltd) (AMP)
22701311000001106,Glycerol 60mg suppositories (VMP)
22701611000001101,Glycerol 60mg suppositories (Special Order) (AMP)
23621311000001101,CosmoCol Orange Lemon and Lime oral powder sachets (Stirling Anglian Pharmaceuticals Ltd) (AMP)
236711000001101,Normacol Plus granules 7g sachets (Forum Health Products Ltd) (AMP)
23943911000001102,Glycerol 2g suppositories (DE Pharmaceuticals) (AMP)
23944111000001103,Glycerol 1g suppositories (DE Pharmaceuticals) (AMP)
23944311000001101,Glycerol 4g suppositories (DE Pharmaceuticals) (AMP)
24034011000001108,Co-danthramer 25mg/200mg/5ml oral suspension sugar free (Wockhardt UK Ltd) (AMP)
24377911000001104,Macrogol compound oral powder sachets sugar free (DE Pharmaceuticals) (AMP)
24392211000001102,Numark Constipation Relief 5mg gastro-resistant tablets (Numark Ltd) (AMP)
24554011000001105,Macrogol compound oral powder sachets sugar free (Accord-UK Ltd) (AMP)
24570211000001106,Lactulose 10g/15ml oral solution 15ml sachets sugar free (Mawdsley-Brooks & Company Ltd) (AMP)
24575211000001102,Macilax oral powder 13.8g sachets (Teva UK Ltd) (AMP)
24576011000001103,Macilax Paediatric oral powder 6.9g sachets (Teva UK Ltd) (AMP)
24577211000001105,CosmoCol Orange Flavour oral powder sachets (Stirling Anglian Pharmaceuticals Ltd) (AMP)
24580211000001104,CosmoCol Lemon and Lime Flavour oral powder sachets (Stirling Anglian Pharmaceuticals Ltd) (AMP)
24654011000001103,Lactulose 10g/15ml oral solution 15ml sachets sugar free (Sigma Pharmaceuticals Plc) (AMP)
24911000001104,Lactulose 3.1-3.7g/5ml oral solution (Novartis Consumer Health UK Ltd) (AMP)
25076411000001100,Lactulose 10g/15ml oral solution 15ml sachets sugar free (DE Pharmaceuticals) (AMP)
25825511000001108,Arachis oil 130ml enema (Ennogen Healthcare Ltd) (AMP)
25876611000001103,Lactulose 10g/15ml oral solution 15ml sachets sugar free (Icarus Pharmaceuticals Ltd) (AMP)
26405511000001106,Methylcellulose 1g/100ml enema (VMP)
26405811000001109,Methylcellulose 2g/200ml enema (VMP)
26406211000001102,Methylcellulose 1g/100ml enema (Special Order) (AMP)
26406711000001109,Methylcellulose 2g/200ml enema (Special Order) (AMP)
26407311000001108,Methylcellulose 2g/100ml enema (VMP)
26407711000001107,Methylcellulose 2g/100ml enema (Special Order) (AMP)
26852411000001103,Lactulose 10g/15ml oral solution 15ml sachets sugar free (Ennogen Healthcare Ltd) (AMP)
28128111000001109,Lactulose 10g/15ml oral solution 15ml sachets sugar free (Pharma-z Ltd) (AMP)
283111000001100,Glycerol 4g suppositories (Alliance Healthcare (Distribution) Ltd) (AMP)
28407111000001102,Macrogol compound oral powder sachets sugar free (AM Distributions (Yorkshire) Ltd) (AMP)
28407511000001106,Macrogol compound half-strength oral powder sachets NPF sugar free (AM Distributions (Yorkshire) Ltd) (AMP)
285311000001102,Glycerol 4g suppositories (Thornton & Ross Ltd) (AMP)
28666111000001103,CosmoCol Paediatric oral powder 6.9g sachets (Stirling Anglian Pharmaceuticals Ltd) (AMP)
28666511000001107,CosmoCol Half oral powder 6.9g sachets (Stirling Anglian Pharmaceuticals Ltd) (AMP)
28751911000001106,CosmoCol Plain oral powder sachets (Stirling Anglian Pharmaceuticals Ltd) (AMP)
28770311000001103,Macrogol compound oral powder sachets sugar free (Ennogen Healthcare International Ltd) (AMP)
28777311000001102,Macrogol compound half-strength oral powder sachets NPF sugar free (Colorama Pharmaceuticals Ltd) (AMP)
2882211000001109,Co-danthramer 25mg/200mg/5ml oral suspension sugar free (Napp Pharmaceuticals Ltd) (AMP)
29007311000001108,Sodium picosulfate 5mg/5ml oral solution sugar free (Kent Pharma (UK) Ltd) (AMP)
290811000001101,Bisacodyl 10mg suppositories (A A H Pharmaceuticals Ltd) (AMP)
29719811000001107,Laxido Paediatric Plain oral powder 6.9g sachets (Galen Ltd) (AMP)
29737311000001103,Manevac granules (Waymade Healthcare Plc) (AMP)
29872911000001103,Glycerol 2g suppositories (Sigma Pharmaceuticals Plc) (AMP)
29873111000001107,Glycerol 1g suppositories (Sigma Pharmaceuticals Plc) (AMP)
29873311000001109,Glycerol 4g suppositories (Sigma Pharmaceuticals Plc) (AMP)
29883111000001103,Lactulose 3.1-3.7g/5ml oral solution (Sigma Pharmaceuticals Plc) (AMP)
29888011000001106,Co-danthrusate 50mg/60mg capsules (Galen Ltd) (AMP)
29933811000001105,Co-danthrusate 50mg/60mg/5ml oral suspension sugar free (A A H Pharmaceuticals Ltd) (AMP)
30001011000001103,Bisacodyl 5mg gastro-resistant tablets (Mawdsley-Brooks & Company Ltd) (AMP)
3001511000001108,Normax oral suspension (Focus Pharmaceuticals Ltd) (AMP)
3001811000001106,Co-danthrusate 50mg/60mg capsules (A A H Pharmaceuticals Ltd) (AMP)
3002011000001108,Co-danthrusate 50mg/60mg capsules (Approved Prescription Services Ltd) (AMP)
3006611000001100,Normax capsules (Galen Ltd) (AMP)
3007011000001105,Capsuvac capsules (koGEN Ltd) (AMP)
30095411000001107,Senna 7.5mg tablets (DE Pharmaceuticals) (AMP)
30098511000001103,Sodium picosulfate 5mg/5ml oral solution sugar free (DE Pharmaceuticals) (AMP)
3021711000001109,Co-danthrusate 50mg/60mg capsules (Kent Pharma (UK) Ltd) (AMP)
3022311000001101,Co-danthrusate 50mg/60mg capsules (Zentiva Pharma UK Ltd) (AMP)
3022711000001102,Co-danthrusate 50mg/60mg capsules (Alliance Healthcare (Distribution) Ltd) (AMP)
3040211000001106,Co-danthramer 75mg/1000mg/5ml oral suspension sugar free (A A H Pharmaceuticals Ltd) (AMP)
3040611000001108,Co-danthramer 75mg/1000mg/5ml oral suspension sugar free (Approved Prescription Services Ltd) (AMP)
3040911000001102,Ailax Forte oral suspension (Galen Ltd) (AMP)
3041211000001100,Co-danthramer 75mg/1000mg/5ml oral suspension sugar free (Kent Pharma (UK) Ltd) (AMP)
3041811000001104,Co-danthramer 75mg/1000mg/5ml oral suspension sugar free (Napp Pharmaceuticals Ltd) (AMP)
3042311000001104,Co-danthramer 75mg/1000mg/5ml oral suspension sugar free (Alliance Healthcare (Distribution) Ltd) (AMP)
3043211000001101,Co-danthramer 25mg/200mg capsules (A A H Pharmaceuticals Ltd) (AMP)
3047711000001103,Co-danthramer 37.5mg/500mg capsules (A A H Pharmaceuticals Ltd) (AMP)
3047911000001101,Co-danthramer 37.5mg/500mg capsules (Napp Pharmaceuticals Ltd) (AMP)
3048211000001109,Co-danthramer 37.5mg/500mg capsules (Alliance Healthcare (Distribution) Ltd) (AMP)
3073911000001106,Bisacodyl 5mg gastro-resistant tablets (A A H Pharmaceuticals Ltd) (AMP)
3074111000001105,Bisacodyl 5mg gastro-resistant tablets (Actavis UK Ltd) (AMP)
3074311000001107,Dulcolax Adult 5mg gastro-resistant tablets (Opella Healthcare UK Ltd) (AMP)
3074711000001106,Bisacodyl 5mg gastro-resistant tablets (Kent Pharma (UK) Ltd) (AMP)
3074911000001108,Bisacodyl 5mg gastro-resistant tablets (Alliance Healthcare (Distribution) Ltd) (AMP)
30760811000001102,Ispaghula husk 3.5g effervescent granules sachets gluten free sugar free (AM Distributions (Yorkshire) Ltd) (AMP)
3087011000001106,Liquid paraffin / Magnesium hydroxide oral emulsion sugar free (A A H Pharmaceuticals Ltd) (AMP)
3087811000001100,Liquid paraffin / Magnesium hydroxide oral emulsion sugar free (J M Loveridge Ltd) (AMP)
3088511000001104,Mil-Par liquid (Seven Seas Ltd) (AMP)
3089511000001105,Liquid paraffin / Magnesium hydroxide oral emulsion sugar free (Alliance Healthcare (Distribution) Ltd) (AMP)
30914111000001108,Senna 7.5mg tablets (Mawdsley-Brooks & Company Ltd) (AMP)
30992411000001106,Boots Constipation Relief 5mg gastro-resistant tablets (The Boots Company Plc) (AMP)
31352711000001109,Arachis oil 130ml enema (J M McGill Ltd) (AMP)
3190711000001104,Maalox Plus oral suspension (Opella Healthcare UK Ltd) (AMP)
31994111000001102,Macrogol compound half-strength oral powder sachets NPF sugar free (Ennogen Healthcare Ltd) (AMP)
321611000001105,Glycerol 1g suppositories (Alliance Healthcare (Distribution) Ltd) (AMP)
32283811000001105,Bisacodyl 2.75mg/ml rectal solution (Special Order) (AMP)
32358211000001101,Co-danthrusate 50mg/60mg/5ml oral suspension sugar free (Pinewood Healthcare) (AMP)
32391511000001103,Bisacodyl 2.75mg/ml rectal solution (VMP)
32410411000001101,Ispaghula husk 3.5g granules for oral suspension sachets gluten free (Colorama Pharmaceuticals Ltd) (AMP)
32411211000001106,Macrogol compound oral liquid NPF sugar free (Colorama Pharmaceuticals Ltd) (AMP)
3250811000001100,Ispaghula husk 3.5g effervescent granules sachets gluten free sugar free (A A H Pharmaceuticals Ltd) (AMP)
3252411000001101,Ispaghula husk 3.5g effervescent granules sachets gluten free sugar free (Alliance Healthcare (Distribution) Ltd) (AMP)
3253111000001100,Ispagel Orange 3.5g effervescent granules sachets (Bristol Laboratories Ltd) (AMP)
3254111000001103,Fybogel 3.5g effervescent granules sachets plain SF (Reckitt Benckiser Healthcare (UK) Ltd) (AMP)
3255611000001107,Regulan 3.4g oral powder sachets orange (Procter & Gamble (Health & Beauty Care) Ltd) (AMP)
3256311000001107,Fybogel Orange 3.5g effervescent granules sachets SF (Reckitt Benckiser Healthcare (UK) Ltd) (AMP)
3256711000001106,Fybogel Lemon 3.5g effervescent granules sachets SF (Reckitt Benckiser Healthcare (UK) Ltd) (AMP)
3258511000001100,Movicol oral powder 13.8g sachets lemon & lime (Forum Health Products Ltd) (AMP)
3258711000001105,Regulan 3.4g oral powder sachets lemon & lime (Procter & Gamble (Health & Beauty Care) Ltd) (AMP)
3259711000001101,Fybogel Mebeverine effervescent granules sachets orange (Reckitt Benckiser Healthcare (UK) Ltd) (AMP)
3262311000001100,Konsyl 6g oral powder sachets (LPC Medical (UK) Ltd) (AMP)
32768311000001104,Sodium dihydrogen phosphate 10mmol/10ml solution for infusion ampoules (VMP)
32768611000001109,Sodium dihydrogen phosphate 10mmol/10ml solution for infusion ampoules (Special Order) (AMP)
3279611000001107,Konsyl Orange Sugar Free 3.5g oral powder sachets (LPC Medical (UK) Ltd) (AMP)
32974911000001108,Movicol Ready to Take oral solution 25ml sachets (Forum Health Products Ltd) (AMP)
3302711000001106,Co-danthramer 25mg/200mg capsules (Napp Pharmaceuticals Ltd) (AMP)
3305111000001103,Co-danthramer 25mg/200mg capsules (The Boots Company Plc) (AMP)
3307311000001109,Co-danthramer 25mg/200mg capsules (Alliance Healthcare (Distribution) Ltd) (AMP)
33256911000001105,Docusate 12.5mg/5ml oral solution sugar free (Typharm Ltd) (AMP)
33257911000001108,Docusate 50mg/5ml oral solution sugar free (Typharm Ltd) (AMP)
33390711000001106,Macrogol compound oral liquid 25ml sachets NPF sugar free (VMP)
335411000001108,Glycerol 4g suppositories (A A H Pharmaceuticals Ltd) (AMP)
33551011000001108,Molative oral powder 13.8g sachets (Viatris UK Healthcare Ltd) (AMP)
33551411000001104,Molative Paediatric oral powder 6.9g sachets (Viatris UK Healthcare Ltd) (AMP)
33557611000001105,Docusate 50mg/5ml oral solution sugar free (A A H Pharmaceuticals Ltd) (AMP)
33558011000001102,Macrogol compound oral powder sachets sugar free citrus (A A H Pharmaceuticals Ltd) (AMP)
33558411000001106,Macrogol compound half-strength oral powder sachets sugar free (A A H Pharmaceuticals Ltd) (AMP)
33567811000001103,Docusate 50mg/5ml oral solution sugar free (Alliance Healthcare (Distribution) Ltd) (AMP)
3365911000001104,Isogel 90% granules (Potter's (Herbal Supplies) Ltd) (AMP)
3382811000001104,Senna 7.5mg tablets 12 Years Plus (A A H Pharmaceuticals Ltd) (AMP)
3384211000001109,Senna 7.5mg tablets 12 Years Plus (Accord-UK Ltd) (AMP)
3385511000001108,Senna 7.5mg tablets (Teva UK Ltd) (AMP)
3386211000001104,Senna 7.5mg tablets (Kent Pharma (UK) Ltd) (AMP)
3386711000001106,Senokot 7.5mg tablets (Reckitt Benckiser Healthcare (UK) Ltd) (AMP)
3389011000001103,Senna 7.5mg tablets 12 Years Plus (Thornton & Ross Ltd) (AMP)
3390211000001102,Senna 7.5mg tablets 12 Years Plus (Alliance Healthcare (Distribution) Ltd) (AMP)
3402811000001109,Senokot 7.5mg/5ml syrup (Reckitt Benckiser Healthcare (UK) Ltd) (AMP)
340511000001101,Glycerol 2g suppositories (Kent Pharma (UK) Ltd) (AMP)
34121811000001106,Methylcellulose 5mg/ml enema (VMP)
34122111000001109,Methylcellulose 5mg/ml enema (Special Order) (AMP)
34181911000001105,Phillips' Milk of Magnesia 415mg/5ml oral suspension (Omega Pharma Ltd) (AMP)
34182111000001102,Magnesium hydroxide 7.45-8.35% oral suspension BP (A A H Pharmaceuticals Ltd) (AMP)
34182311000001100,Magnesium hydroxide 7.45-8.35% oral suspension BP (Thornton & Ross Ltd) (AMP)
34182711000001101,Magnesium hydroxide 8% oral suspension (A A H Pharmaceuticals Ltd) (AMP)
34182911000001104,Magnesium hydroxide 8% oral suspension (Alliance Healthcare (Distribution) Ltd) (AMP)
34183111000001108,Magnesium hydroxide 8% oral suspension (J M Loveridge Ltd) (AMP)
34244311000001104,TransiSoft oral powder 8.5g sachets (Mayoly UK Ltd) (AMP)
34308811000001101,Macrogol 3350 oral powder 8.5g sachets sugar free (VMP)
34309111000001101,Magnesium hydroxide 7.45-8.35% oral suspension BP (VMP)
34309411000001106,Magnesium hydroxide 8% oral suspension (VMP)
3450111000001108,Manevac granules (Ceuta Healthcare Ltd) (AMP)
3450911000001106,Manevac granules 4g sachets (Galen Ltd) (AMP)
34554311000001107,VistaPrep oral powder 110g sachets (Tillotts Pharma UK Ltd) (AMP)
34715411000001107,Maalox 175mg/200mg/5ml oral suspension (Opella Healthcare UK Ltd) (AMP)
34717411000001101,Co-magaldrox 200mg/175mg/5ml oral suspension sugar free (VMP)
3476811000001101,Ispaghula husk 3.4g oral powder sachets gluten free sugar free (VMP)
3477311000001108,Ispaghula husk 3.5g oral powder sachets gluten free sugar free (VMP)
34836311000001103,Docusate 12.5mg/5ml oral solution sugar free (Alliance Healthcare (Distribution) Ltd) (AMP)
3487811000001106,Pripsen powder (Thornton & Ross Ltd) (AMP)
34883611000001106,Plenvu Dose 1 oral powder 115.96g sachets (Forum Health Products Ltd) (AMP)
34883911000001100,Plenvu Dose 2A oral powder 46.26g sachets (Forum Health Products Ltd) (AMP)
34890011000001105,Generic Plenvu Dose 1 oral powder 115.96g sachets sugar free (VMP)
34890111000001106,Generic Plenvu Dose 2A oral powder 46.26g sachets sugar free (VMP)
34893411000001109,Docusate 12.5mg/5ml oral solution sugar free (A A H Pharmaceuticals Ltd) (AMP)
34908511000001106,Lactulose 3.1-3.7g/5ml oral solution (Crescent Pharma Ltd) (AMP)
3499711000001105,Senna fruit 12.4% / Ispaghula 54.2% granules 4g sachets (VMP)
3505411000001105,Sterculia 62% / Frangula 8% granules gluten free (VMP)
3505511000001109,Sterculia 62% / Frangula 8% granules 7g sachets gluten free (VMP)
3505711000001104,Sterculia 62% granules gluten free (VMP)
3505811000001107,Sterculia 62% granules 7g sachets gluten free (VMP)
35368111000001100,Glycerol 2g suppositories (VMP)
35368211000001106,Glycerol 4g suppositories (VMP)
35368311000001103,Glycerol 1g suppositories (VMP)
35368411000001105,Bisacodyl 5mg suppositories (VMP)
35368911000001102,Docusate 12.5mg/5ml oral solution sugar free (VMP)
354032001,Magnesium hydroxide 415mg/5ml oral suspension sugar free (VMP)
3545911000001109,Generic Maalox Plus oral suspension sugar free (VMP)
35463711000001102,Methylcellulose 2% oral gel (Special Order) (AMP)
35514711000001106,Methylcellulose 2% oral gel (VMP)
35902811000001100,Arachis oil 130ml enema (VMP)
3591211000001105,Macrogol compound oral powder sachets NPF sugar free (VMP)
35938911000001102,Senna 15mg/5ml granules (VMP)
35939011000001106,Senna 7.5mg/5ml oral solution (VMP)
36017811000001108,Bisacodyl 5mg gastro-resistant tablets (Medreich Plc) (AMP)
36050711000001108,Ispaghula husk 6g oral powder sachets gluten free sugar free (VMP)
3607911000001104,Fletchers Enemette 5ml enema (Forest Laboratories UK Ltd) (AMP)
36089811000001102,Co-danthramer 75mg/1000mg/5ml oral suspension sugar free (VMP)
3609111000001108,Norgalax 120mg/10g enema (Essential Pharma Ltd) (AMP)
3628111000001108,Docusate 120mg/10g enema (VMP)
3628211000001102,Docusate compound 5ml enema (VMP)
36510211000001105,Sennosides 7.5mg tablets (Alissa Healthcare Research Ltd) (AMP)
36781311000001105,Lactulose 10g/15ml oral solution 15ml sachets sugar free plum (Esteve Pharmaceuticals Ltd) (AMP)
37083911000001105,Co-danthramer 25mg/200mg/5ml oral suspension sugar free (VMP)
37094611000001100,Lactulose 3.1-3.7g/5ml oral solution (Mawdsley-Brooks & Company Ltd) (AMP)
37300011000001101,Docusate 50mg/5ml oral solution sugar free (DE Pharmaceuticals) (AMP)
37300211000001106,Docusate 12.5mg/5ml oral solution sugar free (DE Pharmaceuticals) (AMP)
37347111000001106,Bisacodyl 5mg gastro-resistant tablets (Teva UK Ltd) (AMP)
37533511000001106,Resolor 1mg tablets (CST Pharma Ltd) (AMP)
37533911000001104,Resolor 2mg tablets (CST Pharma Ltd) (AMP)
37543211000001107,Movicol oral powder 13.8g sachets lemon & lime (Mawdsley-Brooks & Company Ltd) (AMP)
37701711000001106,Resolor 2mg tablets (Pilsco Ltd) (AMP)
3771911000001107,Fybozest Orange 3.5g effervescent granules (Reckitt Benckiser Healthcare (UK) Ltd) (AMP)
3772111000001104,Fybogel Orange 3.5g effervescent granules (Reckitt Benckiser Healthcare (UK) Ltd) (AMP)
37742511000001104,Co-danthramer 25mg/200mg/5ml oral suspension sugar free (CST Pharma Ltd) (AMP)
3776211000001106,Ispaghula husk 3.5g/dose effervescent granules gluten free sugar free (VMP)
37994411000001105,Resolor 2mg tablets (Pharmaram Ltd) (AMP)
38148211000001104,Manevac granules (DE Pharmaceuticals) (AMP)
3867311000001106,Idrolax 10g oral powder sachets (Schwarz Pharma Ltd) (AMP)
38714111000001102,Senokot Max Strength tablets Adult (Reckitt Benckiser Healthcare (UK) Ltd) (AMP)
38751711000001108,Senokot 7.5mg tablets Adult (Reckitt Benckiser Healthcare (UK) Ltd) (AMP)
38753211000001102,Sodium picosulfate 5mg/5ml oral solution sugar free (VMP)
3875911000001106,Macrogol 4000 10g oral powder sachets sugar free (VMP)
38808811000001100,Bisacodyl 5mg gastro-resistant tablets (Medihealth (Northern) Ltd) (AMP)
38856411000001105,Co-danthramer 25mg/200mg/5ml oral suspension sugar free (Medihealth (Northern) Ltd) (AMP)
38856811000001107,Co-danthrusate 50mg/60mg/5ml oral suspension sugar free (Medihealth (Northern) Ltd) (AMP)
38871711000001108,Senokot 7.5mg tablets 12 Years Plus (Reckitt Benckiser Healthcare (UK) Ltd) (AMP)
38897111000001108,Ispaghula husk 3.5g effervescent granules sachets gluten free sugar free (VMP)
39007211000001104,Lactulose 3.1-3.7g/5ml oral solution (Medihealth (Northern) Ltd) (AMP)
39034211000001101,Macrogol compound oral powder sachets sugar free (Medihealth (Northern) Ltd) (AMP)
3916111000001103,Picolax oral powder 16.1g sachets (Ferring Pharmaceuticals Ltd) (AMP)
39169711000001108,Glycerol 1g suppositories (Medihealth (Northern) Ltd) (AMP)
39170111000001105,Glycerol 2g suppositories (Medihealth (Northern) Ltd) (AMP)
39170511000001101,Glycerol 4g suppositories (Medihealth (Northern) Ltd) (AMP)
392211000001105,Lactulose 3.1-3.7g/5ml oral solution (A A H Pharmaceuticals Ltd) (AMP)
39242511000001104,Senna 7.5mg tablets 12 Years Plus (Medihealth (Northern) Ltd) (AMP)
39248611000001103,Sodium picosulfate 5mg/5ml oral solution sugar free (Medihealth (Northern) Ltd) (AMP)
3926711000001106,Generic Picolax oral powder 16.1g sachets sugar free (VMP)
39311000001102,Ailax oral suspension (Galen Ltd) (AMP)
39329711000001108,Solgar Psyllium husks fibre 500mg capsules (Solgar Vitamin and Herb) (AMP)
39331611000001102,Generic Solgar Psyllium husks fibre 500mg capsules (VMP)
39508311000001106,Sodium picosulfate 5mg/5ml oral solution sugar free (Crescent Pharma Ltd) (AMP)
39643711000001104,Prucalopride 1mg tablets (Dexcel-Pharma Ltd) (AMP)
39643911000001102,Prucalopride 2mg tablets (Dexcel-Pharma Ltd) (AMP)
39710811000001102,Senna fruit 12.4% / Ispaghula 54.2% granules (VMP)
39720911000001100,Piperazine 4g / Senna 15.3mg oral powder sachets sugar free (VMP)
39803211000001107,Prucalopride 1mg tablets (Alliance Healthcare (Distribution) Ltd) (AMP)
39803411000001106,Prucalopride 2mg tablets (Alliance Healthcare (Distribution) Ltd) (AMP)
39813811000001106,Prucalopride 1mg tablets (Macleods Pharma UK Ltd) (AMP)
39814011000001103,Prucalopride 2mg tablets (Macleods Pharma UK Ltd) (AMP)
39874211000001102,Lactulose 10g/15ml oral solution 15ml sachets sugar free (Medihealth (Northern) Ltd) (AMP)
39881511000001107,Prucalopride 1mg tablets (A A H Pharmaceuticals Ltd) (AMP)
39881711000001102,Prucalopride 2mg tablets (A A H Pharmaceuticals Ltd) (AMP)
39928011000001107,Prucalopride 1mg tablets (Axunio Pharma GmbH) (AMP)
39928211000001102,Prucalopride 2mg tablets (Axunio Pharma GmbH) (AMP)
39959211000001106,Bisacodyl 5mg gastro-resistant tablets (NorthStar Healthcare Unlimited Company) (AMP)
400311000001107,Co-danthramer 25mg/200mg/5ml oral suspension sugar free (Approved Prescription Services Ltd) (AMP)
4019811000001108,Liquid paraffin oral emulsion (A A H Pharmaceuticals Ltd) (AMP)
4020011000001101,Liquid paraffin oral emulsion (J M Loveridge Ltd) (AMP)
40235711000001104,Crescent Pharma Liquid Laxative 5mg/5ml oral solution (Crescent Pharma Ltd) (AMP)
40372111000001100,Prucalopride 1mg tablets (DE Pharmaceuticals) (AMP)
40372711000001104,Prucalopride 2mg tablets (DE Pharmaceuticals) (AMP)
4045411000001101,Movicol-Half oral powder 6.9g sachets (Forum Health Products Ltd) (AMP)
4052411000001107,Macrogol compound half-strength oral powder sachets NPF sugar free (VMP)
40549211000001104,Docusate 12.5mg/5ml oral solution sugar free (Rosemont Pharmaceuticals Ltd) (AMP)
40549411000001100,Docusate 50mg/5ml oral solution sugar free (Rosemont Pharmaceuticals Ltd) (AMP)
4057511000001109,Phillips' Milk of Magnesia 415mg/5ml oral suspension (Omega Pharma Ltd) (AMP)
4062011000001105,Fletchers Arachis oil 130ml enema (Forest Laboratories UK Ltd) (AMP)
40709411000001109,Senease Twelve Years Plus 7.5mg tablets (RX Farma) (AMP)
40709711000001103,Senease Eighteen Years Plus 7.5mg tablets (RX Farma) (AMP)
40788611000001104,Prucalopride 1mg tablets (Zentiva Pharma UK Ltd) (AMP)
40788811000001100,Prucalopride 2mg tablets (Zentiva Pharma UK Ltd) (AMP)
40831711000001107,Senna 7.5mg tablets Adult (A A H Pharmaceuticals Ltd) (AMP)
40831911000001109,Senna 7.5mg tablets Adult (Thornton & Ross Ltd) (AMP)
40845911000001107,Dulcolax Twelve Plus 5mg gastro-resistant tablets (Opella Healthcare UK Ltd) (AMP)
40846211000001109,Dulcolax Pico Twelve Plus 5mg/5ml liquid (Opella Healthcare UK Ltd) (AMP)
40938811000001102,Prucalopride 1mg tablets (Morningside Healthcare Ltd) (AMP)
40939411000001107,Prucalopride 2mg tablets (Morningside Healthcare Ltd) (AMP)
41093411000001102,YourFIBRE High-Fibre 3.5g granules for oral suspension sachets (Your Products Ltd) (AMP)
417311000001106,Lactulose 3.1-3.7g/5ml oral solution (Alliance Healthcare (Distribution) Ltd) (AMP)
42030711000001105,Ispaghula husk 3.5g effervescent granules sachets gluten free sugar free (TriOn Pharma Ltd) (AMP)
42062711000001104,Prucalopride 2mg tablets (Thornton & Ross Ltd) (AMP)
42062911000001102,Prucalopride 1mg tablets (Thornton & Ross Ltd) (AMP)
42079611000001105,Lactulose 3.1-3.7g/5ml oral solution (Bristol Laboratories Ltd) (AMP)
42113211000001108,Prucalopride 1mg tablets (Cipla EU Ltd) (AMP)
42113411000001107,Prucalopride 2mg tablets (Cipla EU Ltd) (AMP)
42124311000001109,Prucalopride 2mg tablets (Teva UK Ltd) (AMP)
42266311000001107,Prucalopride 1mg tablets (Aristo Pharma Ltd) (AMP)
42282211000001102,Prucalopride 2mg tablets (Aristo Pharma Ltd) (AMP)
42285211000001107,Macrogol compound oral powder sachets NPF sugar free (Strides Pharma UK Ltd) (AMP)
42285411000001106,Strigol oral powder 13.72g sachets plain (Strides Pharma UK Ltd) (AMP)
42293511000001107,Co-danthramer 25mg/200mg capsules (VMP)
42293611000001106,Co-danthramer 37.5mg/500mg capsules (VMP)
42293711000001102,Co-danthrusate 50mg/60mg capsules (VMP)
42293811000001105,Co-danthrusate 50mg/60mg/5ml oral suspension sugar free (VMP)
42351611000001106,Bisacodyl 10mg suppositories (VMP)
42351711000001102,Bisacodyl 5mg gastro-resistant tablets (VMP)
42352611000001100,Co-magaldrox 195mg/220mg/5ml oral suspension sugar free (VMP)
42352811000001101,Co-magaldrox 300mg/600mg/5ml oral suspension sugar free (VMP)
42353311000001100,Docusate 100mg capsules (VMP)
42353411000001107,Docusate 50mg/5ml oral solution sugar free (VMP)
42354211000001106,Ispaghula husk 3.5g / Mebeverine 135mg effervescent granules sachets sugar free (VMP)
42354311000001103,Ispaghula husk 90% granules for oral suspension sugar free (VMP)
42354411000001105,Lactulose 3.1-3.7g/5ml oral solution (VMP)
42355511000001105,Methylcellulose 500mg tablets (VMP)
42358211000001100,Senna 15mg tablets (VMP)
42358311000001108,Senna 7.5mg tablets (VMP)
42358711000001107,Sodium picosulfate 2.5mg capsules (VMP)
42358811000001104,Sterculia 62% / Alverine 0.5% granules (VMP)
42439811000001104,Bisacodyl 5mg suppositories (Special Order) (AMP)
42511000001103,Glycerol 2g suppositories (Thornton & Ross Ltd) (AMP)
42540211000001104,Ispaghula husk 3.5g granules for oral suspension sachets gluten free sugar free (Manx Healthcare Ltd) (AMP)
42591711000001105,Ispaghula husk 3.5g/dose effervescent granules gluten free sugar free (TriOn Pharma Ltd) (AMP)
42637811000001105,AAA Ispaghula husk 3.5g effervescent granules sachets gluten free sugar free (TriOn Pharma Ltd) (AMP)
42638011000001103,AAA Ispaghula husk 3.5g/dose effervescent granules gluten free sugar free (TriOn Pharma Ltd) (AMP)
42720911000001107,Prucalopride 1mg tablets (DHP Healthcare Ltd) (AMP)
42721211000001109,Prucalopride 2mg tablets (DHP Healthcare Ltd) (AMP)
42817511000001109,Prucalopride 1mg tablets (Accord-UK Ltd) (AMP)
42817811000001107,Prucalopride 2mg tablets (Accord-UK Ltd) (AMP)
42905911000001103,Bisacodyl 5mg gastro-resistant tablets (AAH Hillcross) (AMP)
42968211000001104,Docusol Constipation Relief 50mg/5ml oral solution (Typharm Ltd) (AMP)
43140111000001108,Docusate 50mg/5ml oral solution sugar free (Medihealth (Northern) Ltd) (AMP)
4351811000001101,Danlax oral suspension (Sovereign Medical Ltd) (AMP)
4359511000001103,Co-danthramer 25mg/200mg/5ml oral suspension (VMP)
44167711000001100,Strigol oral powder 13.72g sachets orange (Strides Pharma UK Ltd) (AMP)
44167911000001103,Strigol Paediatric oral powder 6.86g sachets (Strides Pharma UK Ltd) (AMP)
44944811000001106,AaceGel 500mg capsules (Essential-Healthcare Ltd) (AMP)
45110511000001103,AaceGel 3.5g effervescent granules sachets (Essential-Healthcare Ltd) (AMP)
45323611000001109,Senna 7.5mg tablets Adult (Numark Ltd) (AMP)
45323811000001108,Senna 7.5mg tablets 12 Years Plus (Numark Ltd) (AMP)
4551711000001106,Senokot Max Strength tablets 12 Years Plus (Reckitt Benckiser Healthcare (UK) Ltd) (AMP)
4552011000001101,Ex-Lax Senna 15mg tablets (Novartis Consumer Health UK Ltd) (AMP)
455311000001108,Lactulose 3.1-3.7g/5ml oral solution (IVAX Pharmaceuticals UK Ltd) (AMP)
476911000001100,Lactulose 3.1-3.7g/5ml oral solution (Teva UK Ltd) (AMP)
493311000001103,Lactugal 3.1-3.7g/5ml oral solution (Esteve Pharmaceuticals Ltd) (AMP)
4990311000001103,Sure-Lax Senna 15mg chewable tablets (Potter's (Herbal Supplies) Ltd) (AMP)
4991211000001100,Ex-Lax Senna 12mg pills (Haleon UK Trading Ltd) (AMP)
5000211000001106,Senna 12mg tablets (VMP)
5000311000001103,Senna 15mg chewable tablets (VMP)
5028611000001102,Senokot Direct Relief 4g suppositories (Reckitt Benckiser Healthcare (UK) Ltd) (AMP)
5055611000001107,Maalox oral suspension (Sanofi) (AMP)
509611000001100,Co-danthramer 25mg/200mg/5ml oral suspension sugar free (A A H Pharmaceuticals Ltd) (AMP)
534411000001105,Glycerol 2g suppositories (A A H Pharmaceuticals Ltd) (AMP)
5391411000001103,Movicol oral powder 13.8g sachets lemon & lime (Waymade Healthcare Plc) (AMP)
555311000001100,Glycerol 1g suppositories (Martindale Pharmaceuticals Ltd) (AMP)
560811000001106,Spasmonal Fibre granules (Norgine Pharmaceuticals Ltd) (AMP)
5617611000001103,Movicol oral powder 13.8g sachets lemon & lime (Dowelhurst Ltd) (AMP)
581411000001103,Dulcolax Pico 2.5mg Perles (Boehringer Ingelheim Self-Medication Division) (AMP)
590511000001105,Normacol granules (Forum Health Products Ltd) (AMP)
609811000001105,Lactulose 3.1-3.7g/5ml oral solution (Actavis UK Ltd) (AMP)
6111000001104,Mucogel oral suspension (Rosemont Pharmaceuticals Ltd) (AMP)
61211000001104,Glycerol 4g suppositories (IVAX Pharmaceuticals UK Ltd) (AMP)
614911000001104,Glycerol 2g suppositories (Alliance Healthcare (Distribution) Ltd) (AMP)
617011000001106,Glycerol 2g suppositories (Martindale Pharmaceuticals Ltd) (AMP)
6343911000001102,Movicol Paediatric Plain oral powder 6.9g sachets (Norgine Pharmaceuticals Ltd) (AMP)
6511000001108,Lactulose 3.1-3.7g/5ml oral solution (Kent Pharma (UK) Ltd) (AMP)
661811000001108,Glycerol 4g suppositories (Kent Pharma (UK) Ltd) (AMP)
662211000001100,Dulcolax 5mg suppositories (Opella Healthcare UK Ltd) (AMP)
697411000001101,Bisacodyl 10mg suppositories (Kent Pharma (UK) Ltd) (AMP)
698611000001104,Dulcolax Twelve Plus 10mg suppositories (Opella Healthcare UK Ltd) (AMP)
702911000001102,Lactulose 3.1-3.7g/5ml oral solution (Viatris UK Healthcare Ltd) (AMP)
707511000001107,Docusol Adult 50mg/5ml oral solution (Typharm Ltd) (AMP)
716211000001109,Co-danthramer 25mg/200mg/5ml oral suspension sugar free (Alliance Healthcare (Distribution) Ltd) (AMP)
751911000001102,Duphalac 3.35g/5ml oral solution (Viatris UK Healthcare Ltd) (AMP)
758311000001105,Co-danthramer 25mg/200mg/5ml oral suspension sugar free (Kent Pharma (UK) Ltd) (AMP)
758911000001106,Glycerol 1g suppositories (Thornton & Ross Ltd) (AMP)
766611000001105,Bisacodyl 10mg suppositories (Alliance Healthcare (Distribution) Ltd) (AMP)
773111000001101,Dioctyl 100mg capsules (Teofarma S.r.l.) (AMP)
775080003,Cascara + Senna (VTM)
776429004,Ispaghula husk (VTM)
776430009,Ispaghula husk + Mebeverine (VTM)
777214007,Piperazine + Sennosides (VTM)
777360006,Senna + Ispaghula (VTM)
777515009,Senna (VTM)
777574003,Sodium picosulfate (VTM)
7922911000001100,Lactulose 3.1-3.7g/5ml oral solution (Lloyds Pharmacy Ltd) (AMP)
796811000001106,Glycerol 4g suppositories (Martindale Pharmaceuticals Ltd) (AMP)
797011000001102,Celevac 500mg tablets (Advanz Pharma) (AMP)
8015311000001102,Entrolax 5mg gastro-resistant tablets (DDSA Pharmaceuticals Ltd) (AMP)
8015511000001108,Galpharm Constipation Relief 5mg gastro-resistant tablets (Galpharm International Ltd) (AMP)
8078411000001108,Fybogel Hi-Fibre Lemon 3.5g effervescent granules sachets (Reckitt Benckiser Healthcare (UK) Ltd) (AMP)
8078611000001106,Fybogel Hi-Fibre Orange 3.5g effervescent granules sachets (Reckitt Benckiser Healthcare (UK) Ltd) (AMP)
8105411000001104,Califig California Syrup of Figs 2.5mg/5ml oral solution (Seven Seas Ltd) (AMP)
8108211000001105,Senna 2.5mg/5ml oral solution (VMP)
8294511000001102,Bisacodyl 2.5mg/5ml oral suspension (Drug Tariff Special Order) (AMP)
8295411000001100,Bisacodyl 5mg/5ml oral suspension (Special Order) (AMP)
8305411000001107,Bisacodyl 5mg/5ml oral suspension (VMP)
8305511000001106,Bisacodyl 2.5mg/5ml oral suspension (VMP)
832311000001109,Normacol granules 7g sachets (Forum Health Products Ltd) (AMP)
839111000001103,Senokot 15mg/5ml granules (Reckitt Benckiser Healthcare (UK) Ltd) (AMP)
8629111000001100,Methylcellulose 200mg/5ml oral solution (Special Order) (AMP)
8629411000001105,Methylcellulose 300mg/5ml oral solution (Special Order) (AMP)
8630011000001107,Methylcellulose 450mg/5ml oral solution (Special Order) (AMP)
8666311000001103,Methylcellulose 200mg/5ml oral solution (VMP)
8666411000001105,Methylcellulose 300mg/5ml oral solution (VMP)
8666611000001108,Methylcellulose 450mg/5ml oral solution (VMP)
8831911000001106,Vantage Pharmacy Constipation Relief 5mg gastro-resistant tablets (Vantage) (AMP)
8904511000001103,Bisacodyl 2.74mg/ml rectal solution (Drug Tariff Special Order) (AMP)
8967311000001101,Bisacodyl 2.74mg/ml rectal solution (VMP)
8983111000001109,Nylax with Senna tablets (Reckitt Benckiser Healthcare (UK) Ltd) (AMP)
9088911000001108,Senna 7.5mg tablets 12 Years Plus (Aspar Pharmaceuticals Ltd) (AMP)
912811000001102,Glycerol 1g suppositories (Kent Pharma (UK) Ltd) (AMP)
92411000001107,Regulose 3.1-3.7g/5ml syrup (Novartis Consumer Health UK Ltd) (AMP)
9304511000001108,Fibrelief 3.5g granules sachets (Manx Healthcare Ltd) (AMP)
9305011000001101,Fibrelief Orange 3.5g granules sachets (Manx Healthcare Ltd) (AMP)
9306111000001106,Ispaghula husk 3.5g granules for oral suspension sachets gluten free (VMP)
9306211000001100,Ispaghula husk 3.5g granules for oral suspension sachets gluten free sugar free (VMP)
9550311000001101,Senokot 7.5mg/5ml Syrup 12 Years Plus (Forum Health Products Ltd) (AMP)
9550611000001106,Boots Compound Laxative Syrup of Figs (The Boots Company Plc) (AMP)
9552711000001103,Fig 500microlitres/5ml / Senna fruit 400microlitres/5ml oral solution (VMP)
9553511000001101,Sennosides 7.5mg/5ml oral solution sugar free (VMP)
9553811000001103,Senokot 7.5mg/5ml Syrup 12 Years Plus (Reckitt Benckiser Healthcare (UK) Ltd) (AMP)
9755111000001105,Potter's Senna 7.5mg tablets 12 Years Plus (Potter's (Herbal Supplies) Ltd) (AMP)
9882311000001108,Senncalax tablets (Galpharm International Ltd) (AMP)
9884811000001105,Cascara dry extract 130mg / Senna leaf 32mg tablets (VMP)
